Trail Name,Trail Start,Altitude (m),Trail End,Altitude (m),Altitude(dif)
Porcupine Trail,"42.45021, -72.68291",252,"42.45251, -72.68341",270,+/- 18
Western Loop,"42.45526, -72.6811",284,"42.45066, -72.68401",243,+/- 41
Poplar Hill Road,"42.45649, -72.68155",273,"42.44863, -72.68087",259,+/- 14
Vernal Pool Loop,"42.44944, -72.68265",245,"42.45066, -72.68401",243,+/- 2
Eastern Loop,"42.45531, -72.68113",284,"42.45667, -72.67844",259,+/- 25
Entry Trail,"42.44783, -72.68088",258,"42.44904, -72.67951",253,+/- 5
Easy Out,"42.45643, -72.67962",270,"42.45639, -72.6804",279,+/- 9
Snowmobile Trail,"42.45106, -72.68053",274,"42.44177, -72.67788",208,+/- 66